<?xml version="1.0"?>
<ruleset name="PSR-2 Standards">
    <description>PSR-2 Conventions</description>
    <rule ref="Generic.Classes.DuplicateClassName">
        <exclude name="Generic.CodeAnalysis.EmptyStatement.DetectedIf"/>
    </rule>
    <rule ref="Generic.CodeAnalysis.EmptyStatement"/>
    <rule ref="Generic.CodeAnalysis.ForLoopShouldBeWhileLoop"/>
    <rule ref="Generic.CodeAnalysis.ForLoopWithTestFunctionCall"/>
    <rule ref="Generic.CodeAnalysis.JumbledIncrementer"/>
    <rule ref="Generic.CodeAnalysis.UnconditionalIfStatement"/>
    <rule ref="Generic.CodeAnalysis.UnnecessaryFinalModifier"/>
    <rule ref="Generic.CodeAnalysis.UnusedFunctionParameter" />
    <rule ref="Generic.CodeAnalysis.UselessOverridingMethod"/>
    <rule ref="Generic.Commenting.DocComment">
        <exclude name="Generic.Commenting.DocComment.TagValueIndent"/>
        <exclude name="Generic.Commenting.DocComment.NonParamGroup"/>
    </rule>
    <rule ref="Generic.ControlStructures.InlineControlStructure"/>
    <rule ref="Generic.Files.ByteOrderMark"/>
    <rule ref="Generic.Files.LineEndings">
        <exclude name="Generic.Files.LineEndings.InvalidEOLChar"/>
    </rule>
    <rule ref="Generic.Formatting.DisallowMultipleStatements"/>
    <rule ref="Generic.Formatting.SpaceAfterCast"/>
    <rule ref="Generic.Functions.CallTimePassByReference"/>
    <rule ref="Generic.Functions.FunctionCallArgumentSpacing"/>
    <rule ref="Generic.Functions.OpeningFunctionBraceBsdAllman"/>
    <rule ref="Generic.Metrics.CyclomaticComplexity">
        <properties>
            <property name="complexity" value="10"/>
            <property name="absoluteComplexity" value="16"/>
        </properties>
    </rule>
    <rule ref="Generic.Metrics.NestingLevel">
        <properties>
            <property name="nestingLevel" value="6"/>
            <property name="absoluteNestingLevel" value="6"/>
        </properties>
    </rule>
    <rule ref="Generic.NamingConventions.ConstructorName"/>
    <rule ref="Generic.PHP.LowerCaseConstant"/>
    <rule ref="Generic.PHP.DeprecatedFunctions"/>
    <rule ref="Generic.PHP.DisallowShortOpenTag"/>
    <rule ref="Generic.PHP.ForbiddenFunctions"/>
    <rule ref="Generic.PHP.NoSilencedErrors"/>
    <rule ref="Generic.WhiteSpace.DisallowTabIndent"/>
    <rule ref="Generic.WhiteSpace.ScopeIndent">
        <properties>
            <property name="indent" value="4"/>
            <property name="tabIndent" value="true"/>
        </properties>
    </rule>
    <rule ref="MySource.PHP.EvalObjectFactory"/>
    <rule ref="PSR1.Classes.ClassDeclaration"/>
    <rule ref="PSR1.Files.SideEffects"/>
    <rule ref="PSR2.Classes.ClassDeclaration"/>
    <rule ref="PSR2.Classes.PropertyDeclaration"/>
    <rule ref="PSR2.ControlStructures.ControlStructureSpacing"/>
    <rule ref="PSR2.ControlStructures.ElseIfDeclaration"/>
    <rule ref="PSR2.ControlStructures.SwitchDeclaration"/>
    <rule ref="PSR2.Files.EndFileNewline"/>
    <rule ref="PSR2.Methods.MethodDeclaration"/>
    <rule ref="PSR2.Namespaces.NamespaceDeclaration"/>
    <rule ref="PSR2.Namespaces.UseDeclaration"/>
    <rule ref="PSR1">
        <exclude-pattern>*.php</exclude-pattern>
        <exclude name="PSR1.Methods.CamelCapsMethodName.NotCamelCaps"/>
    </rule>
    <rule ref="PSR2">
        <exclude name="PSR2.ControlStructures.SwitchDeclaration.BodyOnNextLineCASE" />
        <properties>
            <property name="lineLimit" value="120"/>
            <property name="absoluteLineLimit" value="120"/>
        </properties>
    </rule>
    <rule ref="Squiz.Arrays.ArrayDeclaration">
        <exclude name="Squiz.Arrays.ArrayDeclaration.ValueNotAligned" />
        <exclude name="Squiz.Arrays.ArrayDeclaration.KeyNotAligned" />
        <exclude name="Squiz.Arrays.ArrayDeclaration.DoubleArrowNotAligned" />
        <exclude name="Squiz.Arrays.ArrayDeclaration.ValueNotAligned" />
        <exclude name="Squiz.Arrays.ArrayDeclaration.CloseBraceNotAligned" />
        <exclude name="Squiz.Arrays.ArrayDeclaration.ValueNoNewline" />
        <exclude name="Squiz.Arrays.ArrayDeclaration.MultiLineNotAllowed" />
        <exclude name="Squiz.Arrays.ArrayDeclaration.SingleLineNotAllowed" />
        <exclude name="Squiz.Functions.MultiLineFunctionDeclaration.NewlineBeforeOpenBrace" />
        <exclude name="Squiz.Arrays.ArrayDeclaration.NoKeySpecified" />
        <exclude name="Squiz.Arrays.ArrayDeclaration.KeySpecified" />
    </rule>
    <!-- <rule ref="Squiz.PHP.CommentedOutCode"/> -->
    <rule ref="Squiz.PHP.DisallowSizeFunctionsInLoops"/>
    <rule ref="Squiz.PHP.DiscouragedFunctions">
        <properties>
            <property name="error" value="true"/>
        </properties>
    </rule>
    <rule ref="Squiz.PHP.Eval"/>
    <rule ref="Squiz.PHP.GlobalKeyword"/>
    <rule ref="Squiz.PHP.Heredoc"/>
    <rule ref="Squiz.PHP.LowercasePHPFunctions"/>
    <rule ref="Squiz.PHP.NonExecutableCode"/>
    <rule ref="Squiz.Scope.MemberVarScope"/>
    <rule ref="Squiz.Scope.MethodScope"/>
    <rule ref="Squiz.Scope.StaticThisUsage"/>
    <rule ref="Squiz.WhiteSpace.CastSpacing"/>
    <rule ref="Squiz.WhiteSpace.ControlStructureSpacing"/>
    <rule ref="Squiz.WhiteSpace.LanguageConstructSpacing"/>
    <rule ref="Squiz.WhiteSpace.LogicalOperatorSpacing"/>
    <rule ref="Squiz.WhiteSpace.ObjectOperatorSpacing">
        <properties>
            <property name="ignoreNewlines" value="true"/>
        </properties>
    </rule>
    <rule ref="Squiz.WhiteSpace.OperatorSpacing">
        <properties>
            <property name="ignoreNewlines" value="true"/>
        </properties>
    </rule>
    <rule ref="Squiz.WhiteSpace.PropertyLabelSpacing"/>
    <rule ref="Squiz.WhiteSpace.ScopeClosingBrace"/>
    <rule ref="Squiz.WhiteSpace.ScopeKeywordSpacing"/>
    <rule ref="Squiz.WhiteSpace.SemicolonSpacing"/>
    <rule ref="Zend.Files.ClosingTag"/>

    <exclude-pattern>*/.phpstorm.meta.php</exclude-pattern>
    <exclude-pattern>*/_ide_helper.php</exclude-pattern>
    <exclude-pattern>*/*.js</exclude-pattern>
    <exclude-pattern>*/*.css</exclude-pattern>
    <exclude-pattern>*/*.xml</exclude-pattern>
    <exclude-pattern>*/autoload.php</exclude-pattern>
    <exclude-pattern>*/vendor/*</exclude-pattern>
    <arg name="colors"/>
    <ini name="memory_limit" value="128M"/>
</ruleset>
